testUser,testPassword
anotherUser,anotherPassword
testUser,testPassword
anotherUser,anotherPassword
testUser,testPassword
anotherUser,anotherPassword
testUser,testPassword
anotherUser,anotherPassword
testUser,testPassword
anotherUser,anotherPassword
testUser,testPassword
anotherUser,anotherPassword
testUser,testPassword
anotherUser,anotherPassword
testUser,testPassword
anotherUser,anotherPassword
testUser,testPassword
anotherUser,anotherPassword
testUser,testPassword
anotherUser,anotherPassword
testUser,testPassword
anotherUser,anotherPassword
testUser,testPassword
anotherUser,anotherPassword
